[General] Serving Network,[Packet Data] [SIP] Request Method,[Packet Data] [SIP] Status,[Packet Data] [SIP] 200 OK - Method,[Call Test] [Throughput] Application DL TP,[Call Test] [Throughput] Application UL TP
,,,,,
NR SA,,,,,
NR SA,,,,,
NR SA,,,,,
NR SA,,,,,
NR SA,,,,,
NR SA,,,,,
NR SA,,,,,
NR SA,,,,,
NR SA,,,,,
NR SA,,,,,
NR SA,,,,,
NR SA,,,,,
NR SA,,,,,
NR SA,,,,,
NR SA,,,,,
NR SA,,,,,
NR SA,,,,,
NR SA,,,,,
NR SA,,,,,
NR SA,,,,,
NR SA,,,,,
NR SA,,,,,
NR SA,,,,,
NR SA,,,,,
NR SA,,,,,
NR SA,,,,,
NR SA,,,,,
NR SA,,,,,
NR SA,,,,,
NR SA,,,,,
NR SA,,,,,
NR SA,,,,,
NR SA,,,,,
NR SA,,,,,
NR SA,,,,,
NR SA,,,,,
NR SA,,,,,
NR SA,,,,,
NR SA,,,,,
NR SA,,,,,
NR SA,,,,,
NR SA,,,,,
NR SA,,,,,
NR SA,,,,,
NR SA,,,,,
NR SA,,,,,
NR SA,,,,,
NR SA,,,,,
NR SA,,,,,
NR SA,,,,,
NR SA,,,,,
NR SA,,,,,
NR SA,,,,,
NR SA,,,,,
NR SA,,,,,
NR SA,,,,,
NR SA,,,,,
NR SA,,,,,
NR SA,,,,,
NR SA,,,,,
NR SA,,,,,
NR SA,,,,,
NR SA,,,,,
NR SA,,,,,
NR SA,,,,,
NR SA,,,,,
NR SA,,,,,
NR SA,,,,,
NR SA,,,,,
NR SA,,,,,
NR SA,,,,,
NR SA,,,,,
NR SA,,,,,
NR SA,,,,,
NR SA,,,,,
NR SA,,,,,
NR SA,,,,,
NR SA,,,,,
NR SA,,,,,
NR SA,,,,,
NR SA,,,,,
NR SA,,,,,
NR SA,,,,,
NR SA,,,,,
NR SA,,,,,
NR SA,,,,,
NR SA,,,,,
NR SA,,,,,
NR SA,,,,,
NR SA,,,,,
NR SA,,,,,
NR SA,,,,,
NR SA,,,,,
NR SA,,,,,
NR SA,,,,,
NR SA,,,,,
NR SA,,,,,
NR SA,,,,,
NR SA,,,,,
NR SA,,,,,
NR SA,,,,,
NR SA,,,,,
NR SA,,,,,
NR SA,,,,,
NR SA,,,,,
NR SA,,,,,
NR SA,,,,,
NR SA,,,,,
NR SA,,,,,
NR SA,,,,,
NR SA,,,,,
NR SA,,,,,
NR SA,,,,,
NR SA,,,,4.294,
NR SA,,,,7.471,
NR SA,,,,6.135,
NR SA,,,,8.828,
NR SA,,,,8.123,
NR SA,,,,10.175,
NR SA,,,,10.806,
NR SA,,,,6.466,
NR SA,,,,5.964,
NR SA,,,,5.584,
NR SA,,,,,
NR SA,,,,,
NR SA,,,,,
NR SA,,,,,
NR SA,,,,,
,INVITE,,,,
NR SA,,,,,
,,200 OK,,,
NR SA,,,,,
NR SA,,,,,
NR SA,,,,,
NR SA,,,,,
NR SA,,,,,
NR SA,,,,5.796,
NR SA,,,,6.762,
NR SA,,,,3.673,
NR SA,,,,2.364,
NR SA,,,,1.977,
NR SA,,,,3.267,
NR SA,,,,5.130,
NR SA,,,,6.334,
NR SA,,,,7.011,
NR SA,,,,3.987,
NR SA,,,,1.004,
NR SA,,,,5.194,
NR SA,,,,5.232,
NR SA,,,,3.794,
NR SA,,,,4.222,
NR SA,,,,4.703,
NR SA,,,,5.162,
NR SA,,,,4.457,
NR SA,,,,5.601,
NR SA,,,,6.071,
NR SA,,,,6.049,
NR SA,,,,4.799,
NR SA,,,,6.285,
NR SA,,,,2.437,
NR SA,,,,2.586,
NR SA,,,,3.260,
,BYE,,,,
NR SA,,,,2.563,
NR SA,,,,2.418,
NR SA,,,,5.536,
NR SA,,,,,
NR SA,,,,,
NR SA,,,,,
NR SA,,,,,
NR SA,,,,,
NR SA,,,,,
NR SA,,,,,
NR SA,,,,,
NR SA,,,,,
NR SA,,,,,
NR SA,,,,,
NR SA,,,,,
NR SA,,,,,
NR SA,,,,,
NR SA,,,,,
NR SA,,,,,
NR SA,,,,,
NR SA,,,,,
NR SA,,,,,
NR SA,,,,,
NR SA,,,,,
NR SA,,,,,
NR SA,,,,5.021,
NR SA,,,,8.924,
NR SA,,,,14.130,
NR SA,,,,12.836,
NR SA,,,,4.446,
NR SA,,,,10.880,
NR SA,,,,17.699,
NR SA,,,,14.995,
NR SA,,,,20.040,
NR SA,,,,23.856,
NR SA,,,,,
NR SA,,,,,
NR SA,,,,,
NR SA,,,,,
NR SA,,,,,
NR SA,,,,,
NR SA,,,,,
NR SA,,,,,
NR SA,,,,,
NR SA,,,,,
NR SA,,,,,
NR SA,,,,,
NR SA,,,,,
NR SA,,,,,
NR SA,,,,,
NR SA,,,,,
NR SA,,,,,
NR SA,,,,,
NR SA,,,,,
NR SA,,,,,
NR SA,,,,,
NR SA,,,,,
NR SA,,,,,
NR SA,,,,,
NR SA,,,,,
NR SA,,,,,
NR SA,,,,,
NR SA,,,,,
NR SA,,,,,
NR SA,,,,,
NR SA,,,,,
NR SA,,,,,
NR SA,,,,,
NR SA,,,,,
NR SA,,,,,
NR SA,,,,,
NR SA,,,,,
NR SA,,,,,
NR SA,,,,,
NR SA,,,,,
NR SA,,,,,
NR SA,,,,,
NR SA,,,,,
NR SA,,,,,
NR SA,,,,,
NR SA,,,,,
NR SA,,,,,
NR SA,,,,,
NR SA,,,,,
NR SA,,,,,
NR SA,,,,,
NR SA,,,,,
NR SA,,,,,
NR SA,,,,,
NR SA,,,,,
NR SA,,,,,
NR SA,,,,,
NR SA,,,,,
NR SA,,,,,
NR SA,,,,,
NR SA,,,,,
NR SA,,,,,
NR SA,,,,,
NR SA,,,,,
NR SA,,,,,
NR SA,,,,,
NR SA,,,,,
NR SA,,,,,
NR SA,,,,,
NR SA,,,,,
NR SA,,,,,
NR SA,,,,,
NR SA,,,,,
NR SA,,,,,
NR SA,,,,,
NR SA,,,,,
NR SA,,,,,
NR SA,,,,,
NR SA,,,,,
NR SA,,,,,
NR SA,,,,,
NR SA,,,,,
NR SA,,,,,
NR SA,,,,,
NR SA,,,,,
NR SA,,,,,
NR SA,,,,,
NR SA,,,,,
NR SA,,,,,
NR SA,,,,,
NR SA,,,,,
NR SA,,,,,
NR SA,,,,,
NR SA,,,,,
NR SA,,,,,
NR SA,,,,,
NR SA,,,,,
NR SA,,,,,
NR SA,,,,,
NR SA,,,,,
NR SA,,,,,
NR SA,,,,,
NR SA,,,,,
NR SA,,,,,
NR SA,,,,,
NR SA,,,,,
NR SA,,,,,
NR SA,,,,9.435,
NR SA,,,,15.348,
NR SA,,,,14.856,
NR SA,,,,18.330,
NR SA,,,,15.177,
NR SA,,,,17.336,
NR SA,,,,21.932,
NR SA,,,,21.729,
NR SA,,,,22.349,
NR SA,,,,25.871,
NR SA,,,,,
NR SA,,,,,
NR SA,,,,,
NR SA,,,,,
NR SA,,,,,
,INVITE,,,,
NR SA,,,,,
,,200 OK,,,
NR SA,,,,,
NR SA,,,,,
NR SA,,,,,
NR SA,,,,,
NR SA,,,,,
NR SA,,,,6.443,
NR SA,,,,7.026,
NR SA,,,,9.030,
NR SA,,,,9.642,
NR SA,,,,9.351,
NR SA,,,,7.877,
NR SA,,,,14.151,
NR SA,,,,4.842,
NR SA,,,,5.772,
NR SA,,,,7.129,
NR SA,,,,4.912,
NR SA,,,,4.429,
NR SA,,,,3.645,
NR SA,,,,6.541,
NR SA,,,,6.039,
NR SA,,,,4.115,
NR SA,,,,5.996,
NR SA,,,,2.234,
NR SA,,,,5.120,
NR SA,,,,4.778,
NR SA,,,,3.431,
NR SA,,,,5.387,
NR SA,,,,2.437,
NR SA,,,,4.051,
NR SA,,,,4.403,
NR SA,,,,4.478,
,BYE,,,,
NR SA,,,,5.451,
NR SA,,,,5.323,
NR SA,,,,6.338,
NR SA,,,,,
NR SA,,,,,
NR SA,,,,,
NR SA,,,,,
NR SA,,,,,
NR SA,,,,,
NR SA,,,,,
NR SA,,,,,
NR SA,,,,,
NR SA,,,,,
NR SA,,,,,
NR SA,,,,,
NR SA,,,,,
NR SA,,,,,
NR SA,,,,,
NR SA,,,,,
NR SA,,,,,
NR SA,,,,,
NR SA,,,,,
NR SA,,,,,
NR SA,,,,,
NR SA,,,,,
NR SA,,,,1.633,
NR SA,,,,2.394,
NR SA,,,,1.261,
NR SA,,,,1.283,
NR SA,,,,1.913,
NR SA,,,,1.368,
NR SA,,,,0.149,
NR SA,,,,0.139,
NR SA,,,,2.150,
NR SA,,,,1.849,
NR SA,,,,,
NR SA,,,,,
NR SA,,,,,
NR SA,,,,,
NR SA,,,,,
NR SA,,,,,
NR SA,,,,,
NR SA,,,,,
NR SA,,,,,
NR SA,,,,,
NR SA,,,,,
NR SA,,,,,
NR SA,,,,,
NR SA,,,,,
NR SA,,,,,
NR SA,,,,,
NR SA,,,,,
NR SA,,,,,
NR SA,,,,,
NR SA,,,,,
NR SA,,,,,
NR SA,,,,,
NR SA,,,,,
NR SA,,,,,
NR SA,,,,,
NR SA,,,,,
NR SA,,,,,
NR SA,,,,,
NR SA,,,,,
NR SA,,,,,
NR SA,,,,,
NR SA,,,,,
NR SA,,,,,
NR SA,,,,,
NR SA,,,,,
NR SA,,,,,
NR SA,,,,,
NR SA,,,,,
NR SA,,,,,
NR SA,,,,,
NR SA,,,,,
NR SA,,,,,
NR SA,,,,,
NR SA,,,,,
NR SA,,,,,
NR SA,,,,,
NR SA,,,,,
NR SA,,,,,
NR SA,,,,,
NR SA,,,,,
NR SA,,,,,
NR SA,,,,,
NR SA,,,,,
NR SA,,,,,
NR SA,,,,,
NR SA,,,,,
NR SA,,,,,
NR SA,,,,,
NR SA,,,,,
NR SA,,,,,
NR SA,,,,,
NR SA,,,,,
NR SA,,,,,
NR SA,,,,,
NR SA,,,,,
NR SA,,,,,
NR SA,,,,,
NR SA,,,,,
NR SA,,,,,
NR SA,,,,,
NR SA,,,,,
NR SA,,,,,
NR SA,,,,,
NR SA,,,,,
NR SA,,,,,
NR SA,,,,,
NR SA,,,,,
NR SA,,,,,
NR SA,,,,,
NR SA,,,,,
NR SA,,,,,
NR SA,,,,,
NR SA,,,,,
NR SA,,,,,
NR SA,,,,,
NR SA,,,,,
NR SA,,,,,
NR SA,,,,,
NR SA,,,,,
NR SA,,,,,
NR SA,,,,,
NR SA,,,,,
NR SA,,,,,
NR SA,,,,,
NR SA,,,,,
NR SA,,,,,
NR SA,,,,,
NR SA,,,,,
NR SA,,,,,
NR SA,,,,,
NR SA,,,,,
NR SA,,,,,
NR SA,,,,,
NR SA,,,,,
NR SA,,,,,
NR SA,,,,,
NR SA,,,,,
NR SA,,,,5.021,
NR SA,,,,5.878,
NR SA,,,,7.685,
NR SA,,,,6.488,
NR SA,,,,8.157,
NR SA,,,,9.630,
NR SA,,,,9.459,
NR SA,,,,3.121,
NR SA,,,,4.536,
NR SA,,,,,
NR SA,,,,,
NR SA,,,,,
NR SA,,,,,
NR SA,,,,,
NR SA,,,,,
,INVITE,,,,
NR SA,,,,,
,,200 OK,,,
NR SA,,,,,
NR SA,,,,,
NR SA,,,,,
NR SA,,,,,
NR SA,,,,,
NR SA,,,,3.792,
NR SA,,,,3.858,
NR SA,,,,5.237,
NR SA,,,,3.887,
NR SA,,,,5.349,
NR SA,,,,4.019,
NR SA,,,,3.474,
NR SA,,,,4.297,
NR SA,,,,3.890,
NR SA,,,,4.852,
NR SA,,,,5.077,
NR SA,,,,0.780,
NR SA,,,,8.497,
NR SA,,,,3.997,
NR SA,,,,2.234,
NR SA,,,,3.118,
NR SA,,,,2.843,
NR SA,,,,5.735,
NR SA,,,,2.907,
NR SA,,,,0.830,
NR SA,,,,5.908,
NR SA,,,,4.681,
NR SA,,,,5.633,
NR SA,,,,4.745,
NR SA,,,,1.240,
,BYE,,,,
NR SA,,,,4.061,
NR SA,,,,2.701,
NR SA,,,,4.136,
NR SA,,,,1.005,
NR SA,,,,4.943,
NR SA,,,,,
NR SA,,,,,
NR SA,,,,,
NR SA,,,,,
NR SA,,,,,
NR SA,,,,,
NR SA,,,,,
NR SA,,,,,
NR SA,,,,,
NR SA,,,,,
NR SA,,,,,
NR SA,,,,,
NR SA,,,,,
NR SA,,,,,
NR SA,,,,,
NR SA,,,,,
NR SA,,,,,
NR SA,,,,,
NR SA,,,,,
NR SA,,,,,
NR SA,,,,,
NR SA,,,,,
NR SA,,,,14.914,
NR SA,,,,32.813,
NR SA,,,,60.184,
NR SA,,,,114.757,
NR SA,,,,153.420,
NR SA,,,,130.729,
NR SA,,,,126.118,
NR SA,,,,149.857,
NR SA,,,,130.960,
NR SA,,,,100.585,
NR SA,,,,,
NR SA,,,,,
NR SA,,,,,
NR SA,,,,,
NR SA,,,,,
NR SA,,,,,
NR SA,,,,,
NR SA,,,,,
NR SA,,,,,
NR SA,,,,,
NR SA,,,,,
NR SA,,,,,
NR SA,,,,,
NR SA,,,,,
NR SA,,,,,
NR SA,,,,,
NR SA,,,,,
NR SA,,,,,
NR SA,,,,,
NR SA,,,,,
NR SA,,,,,
NR SA,,,,,
NR SA,,,,,
NR SA,,,,,
NR SA,,,,,
NR SA,,,,,
NR SA,,,,,
NR SA,,,,,
NR SA,,,,,
NR SA,,,,,
NR SA,,,,,
NR SA,,,,,
NR SA,,,,,
NR SA,,,,,
NR SA,,,,,
NR SA,,,,,
NR SA,,,,,
NR SA,,,,,
NR SA,,,,,
NR SA,,,,,
NR SA,,,,,
NR SA,,,,,
NR SA,,,,,
NR SA,,,,,
NR SA,,,,,
NR SA,,,,,
NR SA,,,,,
NR SA,,,,,
NR SA,,,,,
NR SA,,,,,
NR SA,,,,,
NR SA,,,,,
NR SA,,,,,
NR SA,,,,,
NR SA,,,,,
NR SA,,,,,
NR SA,,,,,
NR SA,,,,,
NR SA,,,,,
NR SA,,,,,
NR SA,,,,,
NR SA,,,,,
NR SA,,,,,
NR SA,,,,,
NR SA,,,,,
NR SA,,,,,
NR SA,,,,,
NR SA,,,,,
NR SA,,,,,
NR SA,,,,,
NR SA,,,,,
NR SA,,,,,
NR SA,,,,,
NR SA,,,,,
NR SA,,,,,
NR SA,,,,,
NR SA,,,,,
NR SA,,,,,
NR SA,,,,,
NR SA,,,,,
NR SA,,,,,
NR SA,,,,,
NR SA,,,,,
NR SA,,,,,
NR SA,,,,,
NR SA,,,,,
NR SA,,,,,
NR SA,,,,,
NR SA,,,,,
NR SA,,,,,
NR SA,,,,,
NR SA,,,,,
NR SA,,,,,
NR SA,,,,,
NR SA,,,,,
NR SA,,,,,
NR SA,,,,,
NR SA,,,,,
NR SA,,,,,
NR SA,,,,,
NR SA,,,,,
NR SA,,,,,
NR SA,,,,,
NR SA,,,,,
NR SA,,,,,
NR SA,,,,,
NR SA,,,,107.145,
NR SA,,,,159.871,
NR SA,,,,138.656,
NR SA,,,,146.273,
NR SA,,,,162.928,
NR SA,,,,148.574,
NR SA,,,,147.730,
NR SA,,,,150.818,
NR SA,,,,167.257,
NR SA,,,,106.078,
NR SA,,,,,
NR SA,,,,,
NR SA,,,,,
NR SA,,,,,
NR SA,,,,,
,INVITE,,,,
NR SA,,,,,
NR SA,,,,,
,,200 OK,,,
NR SA,,,,,
NR SA,,,,,
NR SA,,,,,
NR SA,,,,,
NR SA,,,,,
NR SA,,,,3.375,
NR SA,,,,4.596,
NR SA,,,,5.739,
NR SA,,,,4.104,
NR SA,,,,4.393,
NR SA,,,,5.419,
NR SA,,,,1.731,
NR SA,,,,7.631,
NR SA,,,,7.866,
NR SA,,,,7.727,
NR SA,,,,10.111,
NR SA,,,,9.234,
NR SA,,,,8.382,
NR SA,,,,8.326,
NR SA,,,,4.761,
NR SA,,,,3.922,
NR SA,,,,5.675,
NR SA,,,,8.286,
NR SA,,,,2.268,
NR SA,,,,8.454,
NR SA,,,,5.723,
NR SA,,,,7.115,
NR SA,,,,6.370,
NR SA,,,,3.206,
NR SA,,,,6.620,
,BYE,,,,
NR SA,,,,6.445,
NR SA,,,,5.628,
NR SA,,,,7.097,
NR SA,,,,8.187,
NR SA,,,,21.301,
NR SA,,,,,
NR SA,,,,,
NR SA,,,,,
NR SA,,,,,
NR SA,,,,,
NR SA,,,,,
NR SA,,,,,
NR SA,,,,,
NR SA,,,,,
NR SA,,,,,
NR SA,,,,,
NR SA,,,,,
NR SA,,,,,
NR SA,,,,,
NR SA,,,,,
NR SA,,,,,
NR SA,,,,,
NR SA,,,,,
NR SA,,,,,
NR SA,,,,,
NR SA,,,,,
NR SA,,,,7.984,
NR SA,,,,11.587,
NR SA,,,,10.432,
NR SA,,,,18.166,
NR SA,,,,23.567,
NR SA,,,,19.187,
NR SA,,,,12.849,
NR SA,,,,11.404,
NR SA,,,,13.157,
NR SA,,,,14.546,
NR SA,,,,,
NR SA,,,,,
NR SA,,,,,
NR SA,,,,,
NR SA,,,,,
NR SA,,,,,
NR SA,,,,,
NR SA,,,,,
NR SA,,,,,
NR SA,,,,,
NR SA,,,,,
NR SA,,,,,
NR SA,,,,,
NR SA,,,,,
NR SA,,,,,
NR SA,,,,,
NR SA,,,,,
NR SA,,,,,
NR SA,,,,,
NR SA,,,,,
NR SA,,,,,
NR SA,,,,,
NR SA,,,,,
NR SA,,,,,
NR SA,,,,,
NR SA,,,,,
NR SA,,,,,
NR SA,,,,,
NR SA,,,,,
NR SA,,,,,
NR SA,,,,,
NR SA,,,,,
NR SA,,,,,
NR SA,,,,,
NR SA,,,,,
NR SA,,,,,
NR SA,,,,,
NR SA,,,,,
NR SA,,,,,
NR SA,,,,,
NR SA,,,,,
NR SA,,,,,
NR SA,,,,,
NR SA,,,,,
NR SA,,,,,
NR SA,,,,,
NR SA,,,,,
NR SA,,,,,
NR SA,,,,,
NR SA,,,,,
NR SA,,,,,
NR SA,,,,,
NR SA,,,,,
NR SA,,,,,
NR SA,,,,,
NR SA,,,,,
NR SA,,,,,
NR SA,,,,,
NR SA,,,,,
NR SA,,,,,
NR SA,,,,,
NR SA,,,,,
NR SA,,,,,
NR SA,,,,,
NR SA,,,,,
NR SA,,,,,
NR SA,,,,,
NR SA,,,,,
NR SA,,,,,
NR SA,,,,,
NR SA,,,,,
NR SA,,,,,
NR SA,,,,,
NR SA,,,,,
NR SA,,,,,
NR SA,,,,,
NR SA,,,,,
NR SA,,,,,
NR SA,,,,,
NR SA,,,,,
NR SA,,,,,
NR SA,,,,,
NR SA,,,,,
NR SA,,,,,
NR SA,,,,,
NR SA,,,,,
NR SA,,,,,
NR SA,,,,,
NR SA,,,,,
NR SA,,,,,
NR SA,,,,,
NR SA,,,,,
NR SA,,,,,
NR SA,,,,,
NR SA,,,,,
NR SA,,,,,
NR SA,,,,,
NR SA,,,,,
NR SA,,,,,
NR SA,,,,,
NR SA,,,,,
NR SA,,,,,
NR SA,,,,,
NR SA,,,,,
NR SA,,,,,
NR SA,,,,,
NR SA,,,,,
NR SA,,,,9.018,
NR SA,,,,8.935,
NR SA,,,,7.984,
NR SA,,,,5.975,
NR SA,,,,7.613,
NR SA,,,,9.212,
NR SA,,,,14.019,
NR SA,,,,6.890,
NR SA,,,,9.844,
NR SA,,,,,
NR SA,,,,,
NR SA,,,,,
NR SA,,,,,
NR SA,,,,,
NR SA,,,,,
,INVITE,,,,
NR SA,,,,,
,,200 OK,,,
NR SA,,,,,
NR SA,,,,,
NR SA,,,,,
NR SA,,,,,
NR SA,,,,,
NR SA,,,,1.120,
NR SA,,,,2.009,
NR SA,,,,1.272,
NR SA,,,,1.122,
NR SA,,,,0.887,
NR SA,,,,0.908,
NR SA,,,,0.982,
NR SA,,,,1.999,
NR SA,,,,1.690,
NR SA,,,,2.520,
NR SA,,,,3.531,
NR SA,,,,3.228,
NR SA,,,,2.725,
NR SA,,,,0.000,
NR SA,,,,4.692,
NR SA,,,,9.459,
NR SA,,,,3.655,
NR SA,,,,1.292,
NR SA,,,,0.000,
NR SA,,,,4.211,
NR SA,,,,5.943,
NR SA,,,,2.950,
NR SA,,,,3.449,
NR SA,,,,2.696,
NR SA,,,,3.869,
,BYE,,,,
NR SA,,,,3.762,
NR SA,,,,3.588,
NR SA,,,,3.905,
NR SA,,,,4.164,
NR SA,,,,,
NR SA,,,,,
NR SA,,,,,
NR SA,,,,,
NR SA,,,,,
NR SA,,,,,
NR SA,,,,,
NR SA,,,,,
NR SA,,,,,
NR SA,,,,,
NR SA,,,,,
NR SA,,,,,
NR SA,,,,,
NR SA,,,,,
NR SA,,,,,
NR SA,,,,,
NR SA,,,,,
NR SA,,,,,
NR SA,,,,,
NR SA,,,,,
NR SA,,,,,
NR SA,,,,,
NR SA,,,,,
NR SA,,,,3.874,
NR SA,,,,7.767,
NR SA,,,,9.961,
NR SA,,,,11.725,
NR SA,,,,15.867,
NR SA,,,,11.468,
NR SA,,,,12.025,
NR SA,,,,13.094,
NR SA,,,,2.040,
NR SA,,,,14.835,
NR SA,,,,,
NR SA,,,,,
NR SA,,,,,
NR SA,,,,,
NR SA,,,,,
NR SA,,,,,
NR SA,,,,,
NR SA,,,,,
NR SA,,,,,
NR SA,,,,,
NR SA,,,,,
NR SA,,,,,
NR SA,,,,,
NR SA,,,,,
NR SA,,,,,
NR SA,,,,,
NR SA,,,,,
NR SA,,,,,
NR SA,,,,,
NR SA,,,,,
NR SA,,,,,
NR SA,,,,,
NR SA,,,,,
NR SA,,,,,
NR SA,,,,,
NR SA,,,,,
NR SA,,,,,
NR SA,,,,,
NR SA,,,,,
NR SA,,,,,
NR SA,,,,,
NR SA,,,,,
NR SA,,,,,
NR SA,,,,,
NR SA,,,,,
NR SA,,,,,
NR SA,,,,,
NR SA,,,,,
NR SA,,,,,
NR SA,,,,,
NR SA,,,,,
NR SA,,,,,
NR SA,,,,,
NR SA,,,,,
NR SA,,,,,
NR SA,,,,,
NR SA,,,,,
NR SA,,,,,
NR SA,,,,,
NR SA,,,,,
NR SA,,,,,
NR SA,,,,,
NR SA,,,,,
NR SA,,,,,
NR SA,,,,,
NR SA,,,,,
NR SA,,,,,
NR SA,,,,,
NR SA,,,,,
NR SA,,,,,
NR SA,,,,,
NR SA,,,,,
NR SA,,,,,
NR SA,,,,,
NR SA,,,,,
NR SA,,,,,
NR SA,,,,,
NR SA,,,,,
NR SA,,,,,
NR SA,,,,,
NR SA,,,,,
NR SA,,,,,
NR SA,,,,,
NR SA,,,,,
NR SA,,,,,
NR SA,,,,,
NR SA,,,,,
NR SA,,,,,
NR SA,,,,,
NR SA,,,,,
NR SA,,,,,
NR SA,,,,,
NR SA,,,,,
NR SA,,,,,
NR SA,,,,,
NR SA,,,,,
NR SA,,,,,
NR SA,,,,,
NR SA,,,,,
NR SA,,,,,
NR SA,,,,,
NR SA,,,,,
NR SA,,,,,
NR SA,,,,,
NR SA,,,,,
NR SA,,,,,
NR SA,,,,,
NR SA,,,,,
NR SA,,,,,
NR SA,,,,,
NR SA,,,,,
NR SA,,,,,
NR SA,,,,,
NR SA,,,,,
NR SA,,,,,
NR SA,,,,,
NR SA,,,,1.986,
NR SA,,,,2.822,
NR SA,,,,4.634,
NR SA,,,,2.961,
NR SA,,,,1.519,
NR SA,,,,1.774,
NR SA,,,,2.747,
NR SA,,,,3.377,
NR SA,,,,2.843,
NR SA,,,,5.504,
NR SA,,,,,
NR SA,,,,,
NR SA,,,,,
NR SA,,,,,
NR SA,,,,,
,INVITE,,,,
NR SA,,,,,
NR SA,,,,,
,,200 OK,,,
NR SA,,,,,
NR SA,,,,,
NR SA,,,,,
NR SA,,,,,
NR SA,,,,,
NR SA,,,,2.259,
NR SA,,,,0.958,
NR SA,,,,1.528,
NR SA,,,,1.261,
NR SA,,,,1.185,
NR SA,,,,1.412,
NR SA,,,,1.347,
NR SA,,,,1.550,
NR SA,,,,1.753,
NR SA,,,,2.693,
NR SA,,,,2.458,
NR SA,,,,0.994,
NR SA,,,,0.000,
NR SA,,,,0.000,
NR SA,,,,2.351,
NR SA,,,,5.002,
NR SA,,,,1.550,
NR SA,,,,0.983,
NR SA,,,,1.283,
NR SA,,,,4.895,
NR SA,,,,0.759,
NR SA,,,,0.107,
NR SA,,,,1.336,
NR SA,,,,1.484,
NR SA,,,,1.295,
,BYE,,,,
NR SA,,,,0.930,
NR SA,,,,0.160,
NR SA,,,,0.812,
NR SA,,,,2.533,
NR SA,,,,,
NR SA,,,,,
NR SA,,,,,
NR SA,,,,,
NR SA,,,,,
NR SA,,,,,
NR SA,,,,,
NR SA,,,,,
NR SA,,,,,
NR SA,,,,,
NR SA,,,,,
NR SA,,,,,
NR SA,,,,,
NR SA,,,,,
NR SA,,,,,
NR SA,,,,,
NR SA,,,,,
NR SA,,,,,
NR SA,,,,,
NR SA,,,,,
NR SA,,,,,
NR SA,,,,,
NR SA,,,,4.433,
NR SA,,,,7.524,
NR SA,,,,8.700,
NR SA,,,,12.377,
NR SA,,,,13.937,
NR SA,,,,12.890,
NR SA,,,,11.490,
NR SA,,,,13.125,
NR SA,,,,8.721,
NR SA,,,,10.966,
NR SA,,,,,
NR SA,,,,,
NR SA,,,,,
NR SA,,,,,
NR SA,,,,,
NR SA,,,,,
NR SA,,,,,
NR SA,,,,,
NR SA,,,,,
NR SA,,,,,
NR SA,,,,,
NR SA,,,,,
NR SA,,,,,
NR SA,,,,,
NR SA,,,,,
NR SA,,,,,
NR SA,,,,,
NR SA,,,,,
NR SA,,,,,
NR SA,,,,,
NR SA,,,,,
NR SA,,,,,
NR SA,,,,,
NR SA,,,,,
NR SA,,,,,
NR SA,,,,,
NR SA,,,,,
NR SA,,,,,
NR SA,,,,,
NR SA,,,,,
NR SA,,,,,
NR SA,,,,,
NR SA,,,,,
NR SA,,,,,
NR SA,,,,,
NR SA,,,,,
NR SA,,,,,
NR SA,,,,,
NR SA,,,,,
NR SA,,,,,
NR SA,,,,,
NR SA,,,,,
NR SA,,,,,
NR SA,,,,,
NR SA,,,,,
NR SA,,,,,
NR SA,,,,,
NR SA,,,,,
NR SA,,,,,
NR SA,,,,,
NR SA,,,,,
NR SA,,,,,
NR SA,,,,,
NR SA,,,,,
NR SA,,,,,
NR SA,,,,,
NR SA,,,,,
NR SA,,,,,
NR SA,,,,,
NR SA,,,,,
NR SA,,,,,
NR SA,,,,,
NR SA,,,,,
NR SA,,,,,
NR SA,,,,,
NR SA,,,,,
NR SA,,,,,
NR SA,,,,,
NR SA,,,,,
NR SA,,,,,
NR SA,,,,,
NR SA,,,,,
NR SA,,,,,
NR SA,,,,,
NR SA,,,,,
NR SA,,,,,
NR SA,,,,,
NR SA,,,,,
NR SA,,,,,
NR SA,,,,,
NR SA,,,,,
NR SA,,,,,
NR SA,,,,,
NR SA,,,,,
NR SA,,,,,
NR SA,,,,,
NR SA,,,,,
NR SA,,,,,
NR SA,,,,,
NR SA,,,,,
NR SA,,,,,
NR SA,,,,,
NR SA,,,,,
NR SA,,,,,
NR SA,,,,,
NR SA,,,,,
NR SA,,,,,
NR SA,,,,,
NR SA,,,,,
NR SA,,,,,
NR SA,,,,,
NR SA,,,,,
NR SA,,,,,
NR SA,,,,,
NR SA,,,,,
NR SA,,,,,
NR SA,,,,,
NR SA,,,,0.586,
NR SA,,,,2.223,
NR SA,,,,2.264,
NR SA,,,,3.188,
NR SA,,,,2.405,
NR SA,,,,2.608,
NR SA,,,,2.405,
NR SA,,,,0.865,
NR SA,,,,5.200,
NR SA,,,,4.179,
NR SA,,,,,
NR SA,,,,,
NR SA,,,,,
NR SA,,,,,
,INVITE,,,,
NR SA,,,,,
NR SA,,,,,
,,200 OK,,,
NR SA,,,,,
NR SA,,,,,
NR SA,,,,,
NR SA,,,,,
NR SA,,,,,
NR SA,,,,1.751,
NR SA,,,,2.586,
NR SA,,,,1.507,
NR SA,,,,1.614,
NR SA,,,,1.347,
NR SA,,,,1.422,
NR SA,,,,1.154,
NR SA,,,,1.283,
NR SA,,,,0.085,
NR SA,,,,0.032,
NR SA,,,,0.000,
NR SA,,,,0.439,
NR SA,,,,2.223,
NR SA,,,,1.122,
NR SA,,,,0.182,
NR SA,,,,1.710,
NR SA,,,,1.357,
NR SA,,,,2.253,
NR SA,,,,1.016,
NR SA,,,,1.454,
NR SA,,,,1.047,
NR SA,,,,1.164,
NR SA,,,,0.920,
NR SA,,,,1.721,
NR SA,,,,1.731,
,BYE,,,,
NR SA,,,,5.905,
NR SA,,,,10.218,
NR SA,,,,20.766,
NR SA,,,,20.916,
NR SA,,,,,
NR SA,,,,,
NR SA,,,,,
NR SA,,,,,
NR SA,,,,,
NR SA,,,,,
NR SA,,,,,
NR SA,,,,,
NR SA,,,,,
NR SA,,,,,
NR SA,,,,,
NR SA,,,,,
NR SA,,,,,
NR SA,,,,,
NR SA,,,,,
NR SA,,,,,
NR SA,,,,,
NR SA,,,,,
NR SA,,,,,
NR SA,,,,,
NR SA,,,,,
NR SA,,,,,
NR SA,,,,1.291,
NR SA,,,,0.962,
NR SA,,,,0.747,
NR SA,,,,0.909,
NR SA,,,,0.802,
NR SA,,,,0.983,
NR SA,,,,1.881,
NR SA,,,,1.570,
NR SA,,,,0.278,
NR SA,,,,2.565,
NR SA,,,,,
NR SA,,,,,
NR SA,,,,,
NR SA,,,,,
NR SA,,,,,
NR SA,,,,,
NR SA,,,,,
NR SA,,,,,
NR SA,,,,,
NR SA,,,,,
NR SA,,,,,
NR SA,,,,,
NR SA,,,,,
NR SA,,,,,
NR SA,,,,,
NR SA,,,,,
NR SA,,,,,
NR SA,,,,,
NR SA,,,,,
NR SA,,,,,
NR SA,,,,,
NR SA,,,,,
NR SA,,,,,
NR SA,,,,,
NR SA,,,,,
NR SA,,,,,
NR SA,,,,,
NR SA,,,,,
NR SA,,,,,
NR SA,,,,,
NR SA,,,,,
NR SA,,,,,
NR SA,,,,,
NR SA,,,,,
NR SA,,,,,
NR SA,,,,,
NR SA,,,,,
NR SA,,,,,
NR SA,,,,,
NR SA,,,,,
NR SA,,,,,
NR SA,,,,,
NR SA,,,,,
NR SA,,,,,
NR SA,,,,,
NR SA,,,,,
NR SA,,,,,
NR SA,,,,,
NR SA,,,,,
NR SA,,,,,
NR SA,,,,,
NR SA,,,,,
NR SA,,,,,
NR SA,,,,,
NR SA,,,,,
NR SA,,,,,
NR SA,,,,,
NR SA,,,,,
NR SA,,,,,
NR SA,,,,,
NR SA,,,,,
NR SA,,,,,
NR SA,,,,,
NR SA,,,,,
NR SA,,,,,
NR SA,,,,,
NR SA,,,,,
NR SA,,,,,
NR SA,,,,,
NR SA,,,,,
NR SA,,,,,
NR SA,,,,,
NR SA,,,,,
NR SA,,,,,
NR SA,,,,,
NR SA,,,,,
NR SA,,,,,
NR SA,,,,,
NR SA,,,,,
NR SA,,,,,
NR SA,,,,,
NR SA,,,,,
NR SA,,,,,
NR SA,,,,,
NR SA,,,,,
NR SA,,,,,
NR SA,,,,,
NR SA,,,,,
NR SA,,,,,
NR SA,,,,,
NR SA,,,,,
NR SA,,,,,
NR SA,,,,,
NR SA,,,,,
NR SA,,,,,
NR SA,,,,,
NR SA,,,,,
NR SA,,,,,
NR SA,,,,,
NR SA,,,,,
NR SA,,,,,
NR SA,,,,,
NR SA,,,,,
NR SA,,,,,
NR SA,,,,,
NR SA,,,,,
NR SA,,,,,
NR SA,,,,2.486,
NR SA,,,,3.645,
NR SA,,,,5.611,
NR SA,,,,5.761,
NR SA,,,,6.327,
NR SA,,,,8.580,
NR SA,,,,9.140,
NR SA,,,,10.303,
NR SA,,,,12.475,
NR SA,,,,11.864,
NR SA,,,,,
NR SA,,,,,
NR SA,,,,,
NR SA,,,,,
,INVITE,,,,
NR SA,,,,,
NR SA,,,,,
,,200 OK,,,
NR SA,,,,,
NR SA,,,,,
NR SA,,,,,
NR SA,,,,,
NR SA,,,,,
NR SA,,,,9.522,
NR SA,,,,9.704,
NR SA,,,,9.513,
NR SA,,,,12.881,
NR SA,,,,5.804,
NR SA,,,,4.329,
NR SA,,,,8.392,
NR SA,,,,9.479,
NR SA,,,,9.042,
NR SA,,,,11.286,
NR SA,,,,3.605,
NR SA,,,,4.788,
NR SA,,,,7.161,
NR SA,,,,3.420,
NR SA,,,,1.208,
NR SA,,,,3.858,
NR SA,,,,3.840,
NR SA,,,,7.831,
NR SA,,,,3.438,
NR SA,,,,2.573,
NR SA,,,,9.948,
NR SA,,,,9.726,
NR SA,,,,6.712,
NR SA,,,,5.536,
NR SA,,,,7.317,
,BYE,,,,
NR SA,,,,11.191,
NR SA,,,,9.341,
NR SA,,,,12.428,
NR SA,,,,4.386,
NR SA,,,,8.957,
NR SA,,,,,
NR SA,,,,,
NR SA,,,,,
NR SA,,,,,
NR SA,,,,,
NR SA,,,,,
NR SA,,,,,
NR SA,,,,,
NR SA,,,,,
NR SA,,,,,
NR SA,,,,,
NR SA,,,,,
NR SA,,,,,
NR SA,,,,,
NR SA,,,,,
NR SA,,,,,
NR SA,,,,,
NR SA,,,,,
NR SA,,,,,
NR SA,,,,,
NR SA,,,,,
NR SA,,,,5.160,
NR SA,,,,8.946,
NR SA,,,,10.004,
NR SA,,,,9.694,
NR SA,,,,5.023,
NR SA,,,,16.043,
NR SA,,,,13.563,
NR SA,,,,12.655,
NR SA,,,,13.563,
NR SA,,,,12.077,
NR SA,,,,,
NR SA,,,,,
NR SA,,,,,
NR SA,,,,,
NR SA,,,,,
NR SA,,,,,
NR SA,,,,,
NR SA,,,,,
NR SA,,,,,
NR SA,,,,,
NR SA,,,,,
NR SA,,,,,
NR SA,,,,,
NR SA,,,,,
NR SA,,,,,
NR SA,,,,,
NR SA,,,,,
NR SA,,,,,
NR SA,,,,,
NR SA,,,,,
NR SA,,,,,
NR SA,,,,,
NR SA,,,,,
NR SA,,,,,
NR SA,,,,,
NR SA,,,,,
NR SA,,,,,
NR SA,,,,,
NR SA,,,,,
NR SA,,,,,
NR SA,,,,,
NR SA,,,,,
NR SA,,,,,
NR SA,,,,,
NR SA,,,,,
NR SA,,,,,
NR SA,,,,,
NR SA,,,,,
NR SA,,,,,
NR SA,,,,,
NR SA,,,,,
NR SA,,,,,
NR SA,,,,,
NR SA,,,,,
NR SA,,,,,
NR SA,,,,,
NR SA,,,,,
NR SA,,,,,
NR SA,,,,,
NR SA,,,,,
NR SA,,,,,
NR SA,,,,,
NR SA,,,,,
NR SA,,,,,
NR SA,,,,,
NR SA,,,,,
NR SA,,,,,
NR SA,,,,,
NR SA,,,,,
NR SA,,,,,
NR SA,,,,,
NR SA,,,,,
NR SA,,,,,
NR SA,,,,,
NR SA,,,,,
NR SA,,,,,
NR SA,,,,,
NR SA,,,,,
NR SA,,,,,
NR SA,,,,,
NR SA,,,,,
NR SA,,,,,
NR SA,,,,,
NR SA,,,,,
NR SA,,,,,
NR SA,,,,,
NR SA,,,,,
NR SA,,,,,
NR SA,,,,,
NR SA,,,,,
NR SA,,,,,
NR SA,,,,,
NR SA,,,,,
NR SA,,,,,
NR SA,,,,,
NR SA,,,,,
NR SA,,,,,
NR SA,,,,,
NR SA,,,,,
NR SA,,,,,
NR SA,,,,,
NR SA,,,,,
NR SA,,,,,
NR SA,,,,,
NR SA,,,,,
NR SA,,,,,
NR SA,,,,,
NR SA,,,,,
NR SA,,,,,
NR SA,,,,,
NR SA,,,,,
NR SA,,,,,
NR SA,,,,,
NR SA,,,,,
NR SA,,,,,
NR SA,,,,,
NR SA,,,,,
NR SA,,,,1.952,
NR SA,,,,2.576,
NR SA,,,,3.263,
NR SA,,,,3.035,
NR SA,,,,1.228,
NR SA,,,,4.147,
NR SA,,,,2.632,
NR SA,,,,3.655,
NR SA,,,,2.704,
NR SA,,,,2.437,
NR SA,,,,,
NR SA,,,,,
NR SA,,,,,
NR SA,,,,,
NR SA,,,,,
,INVITE,,,,
NR SA,,,,,
,,200 OK,,,
NR SA,,,,,
NR SA,,,,,
NR SA,,,,,
NR SA,,,,,
NR SA,,,,,
NR SA,,,,1.578,
NR SA,,,,1.840,
NR SA,,,,2.309,
NR SA,,,,2.554,
NR SA,,,,1.005,
NR SA,,,,0.988,
NR SA,,,,1.355,
NR SA,,,,1.764,
NR SA,,,,0.951,
NR SA,,,,2.362,
NR SA,,,,2.629,
NR SA,,,,1.646,
NR SA,,,,2.050,
NR SA,,,,1.765,
NR SA,,,,2.242,
NR SA,,,,2.867,
NR SA,,,,2.157,
NR SA,,,,1.958,
NR SA,,,,2.159,
NR SA,,,,2.843,
NR SA,,,,2.509,
NR SA,,,,2.471,
NR SA,,,,2.552,
NR SA,,,,3.488,
NR SA,,,,3.271,
,BYE,,,,
NR SA,,,,2.373,
NR SA,,,,0.246,
NR SA,,,,8.634,
NR SA,,,,17.223,
NR SA,,,,4.344,
NR SA,,,,,
NR SA,,,,,
NR SA,,,,,
NR SA,,,,,
NR SA,,,,,
NR SA,,,,,
NR SA,,,,,
NR SA,,,,,
NR SA,,,,,
NR SA,,,,,
NR SA,,,,,
NR SA,,,,,
NR SA,,,,,
NR SA,,,,,
NR SA,,,,,
NR SA,,,,,
NR SA,,,,,
NR SA,,,,,
NR SA,,,,,
NR SA,,,,,
NR SA,,,,,
NR SA,,,,4.262,
NR SA,,,,5.483,
NR SA,,,,6.327,
NR SA,,,,7.300,
NR SA,,,,7.407,
NR SA,,,,8.230,
NR SA,,,,8.091,
NR SA,,,,4.922,
NR SA,,,,7.318,
NR SA,,,,6.659,
NR SA,,,,,
NR SA,,,,,
NR SA,,,,,
NR SA,,,,,
NR SA,,,,,
NR SA,,,,,
NR SA,,,,,
NR SA,,,,,
NR SA,,,,,
NR SA,,,,,
NR SA,,,,,
NR SA,,,,,
NR SA,,,,,
NR SA,,,,,
NR SA,,,,,
NR SA,,,,,
NR SA,,,,,
NR SA,,,,,
NR SA,,,,,
NR SA,,,,,
NR SA,,,,,
NR SA,,,,,
NR SA,,,,,
NR SA,,,,,
NR SA,,,,,
NR SA,,,,,
NR SA,,,,,
NR SA,,,,,
NR SA,,,,,
NR SA,,,,,
NR SA,,,,,
NR SA,,,,,
NR SA,,,,,
NR SA,,,,,
NR SA,,,,,
NR SA,,,,,
NR SA,,,,,
NR SA,,,,,
NR SA,,,,,
NR SA,,,,,
NR SA,,,,,
NR SA,,,,,
NR SA,,,,,
NR SA,,,,,
NR SA,,,,,
NR SA,,,,,
NR SA,,,,,
NR SA,,,,,
NR SA,,,,,
NR SA,,,,,
NR SA,,,,,
NR SA,,,,,
NR SA,,,,,
NR SA,,,,,
NR SA,,,,,
NR SA,,,,,
NR SA,,,,,
NR SA,,,,,
NR SA,,,,,
NR SA,,,,,
NR SA,,,,,
NR SA,,,,,
NR SA,,,,,
NR SA,,,,,
NR SA,,,,,
NR SA,,,,,
NR SA,,,,,
NR SA,,,,,
NR SA,,,,,
NR SA,,,,,
NR SA,,,,,
NR SA,,,,,
NR SA,,,,,
NR SA,,,,,
NR SA,,,,,
NR SA,,,,,
NR SA,,,,,
NR SA,,,,,
NR SA,,,,,
NR SA,,,,,
NR SA,,,,,
NR SA,,,,,
NR SA,,,,,
NR SA,,,,,
NR SA,,,,,
NR SA,,,,,
NR SA,,,,,
NR SA,,,,,
NR SA,,,,,
NR SA,,,,,
NR SA,,,,,
NR SA,,,,,
NR SA,,,,,
NR SA,,,,,
NR SA,,,,,
NR SA,,,,,
NR SA,,,,,
NR SA,,,,,
NR SA,,,,,
NR SA,,,,,
NR SA,,,,,
NR SA,,,,,
NR SA,,,,,
NR SA,,,,,
NR SA,,,,,
NR SA,,,,,
NR SA,,,,,
NR SA,,,,0.554,
NR SA,,,,0.150,
NR SA,,,,1.196,
NR SA,,,,2.771,
NR SA,,,,4.211,
NR SA,,,,4.500,
NR SA,,,,4.126,
NR SA,,,,4.628,
NR SA,,,,4.553,
NR SA,,,,6.188,
NR SA,,,,,
NR SA,,,,,
NR SA,,,,,
NR SA,,,,,
NR SA,,,,,
NR SA,,,,,
,INVITE,,,,
NR SA,,,,,
,,200 OK,,,
NR SA,,,,,
NR SA,,,,,
NR SA,,,,,
NR SA,,,,,
NR SA,,,,,
NR SA,,,,1.601,
NR SA,,,,0.609,
NR SA,,,,3.313,
NR SA,,,,10.036,
NR SA,,,,14.739,
NR SA,,,,14.600,
NR SA,,,,22.776,
NR SA,,,,8.102,
NR SA,,,,18.918,
NR SA,,,,16.438,
NR SA,,,,15.989,
NR SA,,,,14.140,
NR SA,,,,7.065,
NR SA,,,,15.540,
NR SA,,,,22.071,
NR SA,,,,15.909,
NR SA,,,,9.233,
NR SA,,,,9.918,
NR SA,,,,8.037,
NR SA,,,,7.802,
NR SA,,,,3.153,
NR SA,,,,1.229,
NR SA,,,,4.179,
NR SA,,,,6.060,
NR SA,,,,8.700,
,BYE,,,,
NR SA,,,,1.838,
NR SA,,,,5.889,
NR SA,,,,8.894,
NR SA,,,,5.948,
NR SA,,,,4.339,
NR SA,,,,,
NR SA,,,,,
NR SA,,,,,
NR SA,,,,,
NR SA,,,,,
NR SA,,,,,
NR SA,,,,,
NR SA,,,,,
NR SA,,,,,
NR SA,,,,,
NR SA,,,,,
NR SA,,,,,
NR SA,,,,,
NR SA,,,,,
NR SA,,,,,
NR SA,,,,,
NR SA,,,,,
NR SA,,,,,
NR SA,,,,,
NR SA,,,,,
NR SA,,,,,
NR SA,,,,5.727,
NR SA,,,,8.978,
NR SA,,,,11.329,
NR SA,,,,12.248,
NR SA,,,,9.384,
NR SA,,,,16.759,
NR SA,,,,18.794,
NR SA,,,,10.683,
NR SA,,,,12.206,
NR SA,,,,,
NR SA,,,,,
NR SA,,,,,
NR SA,,,,,
NR SA,,,,,
NR SA,,,,,
NR SA,,,,,
NR SA,,,,,
NR SA,,,,,
NR SA,,,,,
NR SA,,,,,
NR SA,,,,,
NR SA,,,,,
NR SA,,,,,
NR SA,,,,,
NR SA,,,,,
NR SA,,,,,
NR SA,,,,,
NR SA,,,,,
NR SA,,,,,
NR SA,,,,,
NR SA,,,,,
NR SA,,,,,
NR SA,,,,,
NR SA,,,,,
NR SA,,,,,
NR SA,,,,,
NR SA,,,,,
NR SA,,,,,
NR SA,,,,,
NR SA,,,,,
NR SA,,,,,
NR SA,,,,,
NR SA,,,,,
NR SA,,,,,
NR SA,,,,,
NR SA,,,,,
NR SA,,,,,
NR SA,,,,,
NR SA,,,,,
NR SA,,,,,
NR SA,,,,,
NR SA,,,,,
NR SA,,,,,
NR SA,,,,,
NR SA,,,,,
NR SA,,,,,
NR SA,,,,,
NR SA,,,,,
NR SA,,,,,
NR SA,,,,,
NR SA,,,,,
NR SA,,,,,
NR SA,,,,,
NR SA,,,,,
NR SA,,,,,
NR SA,,,,,
NR SA,,,,,
NR SA,,,,,
NR SA,,,,,
NR SA,,,,,
NR SA,,,,,
NR SA,,,,,
NR SA,,,,,
NR SA,,,,,
NR SA,,,,,
NR SA,,,,,
NR SA,,,,,
NR SA,,,,,
NR SA,,,,,
NR SA,,,,,
NR SA,,,,,
NR SA,,,,,
NR SA,,,,,
NR SA,,,,,
NR SA,,,,,
NR SA,,,,,
NR SA,,,,,
NR SA,,,,,
NR SA,,,,,
NR SA,,,,,
NR SA,,,,,
NR SA,,,,,
NR SA,,,,,
NR SA,,,,,
NR SA,,,,,
NR SA,,,,,
NR SA,,,,,
NR SA,,,,,
NR SA,,,,,
NR SA,,,,,
NR SA,,,,,
NR SA,,,,,
NR SA,,,,,
NR SA,,,,,
NR SA,,,,,
NR SA,,,,,
NR SA,,,,,
NR SA,,,,,
NR SA,,,,,
NR SA,,,,,
NR SA,,,,,
NR SA,,,,,
NR SA,,,,,
NR SA,,,,,
NR SA,,,,,
NR SA,,,,,
NR SA,,,,,
NR SA,,,,8.913,
NR SA,,,,17.214,
NR SA,,,,34.512,
NR SA,,,,62.001,
NR SA,,,,108.569,
NR SA,,,,135.022,
NR SA,,,,9.694,
NR SA,,,,1.710,
NR SA,,,,4.425,
NR SA,,,,,
NR SA,,,,,
NR SA,,,,,
NR SA,,,,,
NR SA,,,,,
NR SA,,,,,
,INVITE,,,,
NR SA,,,,,
,,200 OK,,,
NR SA,,,,,
NR SA,,,,,
NR SA,,,,,
NR SA,,,,,
NR SA,,,,,
NR SA,,,,1.483,
NR SA,,,,1.079,
NR SA,,,,1.261,
NR SA,,,,1.069,
NR SA,,,,0.032,
NR SA,,,,0.000,
NR SA,,,,0.000,
NR SA,,,,0.000,
NR SA,,,,0.000,
NR SA,,,,0.000,
NR SA,,,,0.374,
NR SA,,,,1.967,
NR SA,,,,1.881,
NR SA,,,,1.570,
NR SA,,,,1.464,
NR SA,,,,2.022,
NR SA,,,,1.828,
NR SA,,,,1.112,
NR SA,,,,1.133,
NR SA,,,,1.165,
NR SA,,,,1.828,
NR SA,,,,1.892,
NR SA,,,,2.341,
NR SA,,,,2.541,
NR SA,,,,1.391,
,BYE,,,,
NR SA,,,,3.890,
NR SA,,,,0.609,
NR SA,,,,1.186,
NR SA,,,,0.374,
NR SA,,,,0.310,
NR SA,,,,,
NR SA,,,,,
NR SA,,,,,
NR SA,,,,,
NR SA,,,,,
NR SA,,,,,
NR SA,,,,,
NR SA,,,,,
NR SA,,,,,
NR SA,,,,,
NR SA,,,,,
NR SA,,,,,
NR SA,,,,,
NR SA,,,,,
NR SA,,,,,
NR SA,,,,,
NR SA,,,,,
NR SA,,,,,
NR SA,,,,,
NR SA,,,,,
NR SA,,,,,
NR SA,,,,,
NR SA,,,,13.465,
NR SA,,,,19.390,
NR SA,,,,39.016,
NR SA,,,,55.302,
NR SA,,,,89.833,
NR SA,,,,142.054,
NR SA,,,,180.841,
NR SA,,,,153.629,
NR SA,,,,169.854,
NR SA,,,,183.308,
NR SA,,,,,
NR SA,,,,,
NR SA,,,,,
NR SA,,,,,
NR SA,,,,,
NR SA,,,,,
NR SA,,,,,
NR SA,,,,,
NR SA,,,,,
NR SA,,,,,
NR SA,,,,,
NR SA,,,,,
NR SA,,,,,
NR SA,,,,,
NR SA,,,,,
NR SA,,,,,
NR SA,,,,,
NR SA,,,,,
NR SA,,,,,
NR SA,,,,,
NR SA,,,,,
NR SA,,,,,
NR SA,,,,,
NR SA,,,,,
NR SA,,,,,
NR SA,,,,,
NR SA,,,,,
NR SA,,,,,
NR SA,,,,,
NR SA,,,,,
NR SA,,,,,
NR SA,,,,,
NR SA,,,,,
NR SA,,,,,
NR SA,,,,,
NR SA,,,,,
NR SA,,,,,
NR SA,,,,,
NR SA,,,,,
NR SA,,,,,
NR SA,,,,,
NR SA,,,,,
NR SA,,,,,
NR SA,,,,,
NR SA,,,,,
NR SA,,,,,
NR SA,,,,,
NR SA,,,,,
NR SA,,,,,
NR SA,,,,,
NR SA,,,,,
NR SA,,,,,
NR SA,,,,,
NR SA,,,,,
NR SA,,,,,
NR SA,,,,,
NR SA,,,,,
NR SA,,,,,
NR SA,,,,,
NR SA,,,,,
NR SA,,,,,
NR SA,,,,,
NR SA,,,,,
NR SA,,,,,
NR SA,,,,,
NR SA,,,,,
NR SA,,,,,
NR SA,,,,,
NR SA,,,,,
NR SA,,,,,
NR SA,,,,,
NR SA,,,,,
NR SA,,,,,
NR SA,,,,,
NR SA,,,,,
NR SA,,,,,
NR SA,,,,,
NR SA,,,,,
NR SA,,,,,
NR SA,,,,,
NR SA,,,,,
NR SA,,,,,
NR SA,,,,,
NR SA,,,,,
NR SA,,,,,
NR SA,,,,,
NR SA,,,,,
NR SA,,,,,
NR SA,,,,,
NR SA,,,,,
NR SA,,,,,
NR SA,,,,,
NR SA,,,,,
NR SA,,,,,
NR SA,,,,,
NR SA,,,,,
NR SA,,,,,
NR SA,,,,,
NR SA,,,,,
NR SA,,,,,
NR SA,,,,,
NR SA,,,,,
NR SA,,,,,
NR SA,,,,,
NR SA,,,,,
NR SA,,,,,
NR SA,,,,1.195,
NR SA,,,,0.759,
NR SA,,,,0.929,
NR SA,,,,1.241,
NR SA,,,,1.015,
NR SA,,,,1.283,
NR SA,,,,1.197,
NR SA,,,,1.539,
NR SA,,,,1.165,
NR SA,,,,1.293,
NR SA,,,,,
NR SA,,,,,
NR SA,,,,,
NR SA,,,,,
NR SA,,,,,
,INVITE,,,,
NR SA,,,,,
NR SA,,,,,
,,200 OK,,,
,,200 OK,,,
NR SA,,,,,
NR SA,,,,,
NR SA,,,,,
NR SA,,,,,
NR SA,,,,,
NR SA,,,,3.268,
NR SA,,,,7.524,
NR SA,,,,11.490,
NR SA,,,,11.073,
NR SA,,,,13.103,
NR SA,,,,12.794,
NR SA,,,,12.932,
NR SA,,,,14.108,
NR SA,,,,15.284,
NR SA,,,,16.614,
NR SA,,,,19.046,
NR SA,,,,23.986,
NR SA,,,,31.123,
NR SA,,,,36.879,
NR SA,,,,46.484,
NR SA,,,,46.110,
NR SA,,,,40.080,
NR SA,,,,31.412,
NR SA,,,,30.108,
NR SA,,,,19.390,
NR SA,,,,18.059,
NR SA,,,,10.485,
NR SA,,,,23.941,
NR SA,,,,10.581,
NR SA,,,,30.322,
,BYE,,,,
NR SA,,,,18.704,
NR SA,,,,18.095,
NR SA,,,,1.464,
NR SA,,,,29.867,
NR SA,,,,41.167,
NR SA,,,,,
NR SA,,,,,
NR SA,,,,,
NR SA,,,,,
NR SA,,,,,
NR SA,,,,,
NR SA,,,,,
NR SA,,,,,
NR SA,,,,,
NR SA,,,,,
NR SA,,,,,
NR SA,,,,,
NR SA,,,,,
NR SA,,,,,
NR SA,,,,,
NR SA,,,,,
NR SA,,,,,
NR SA,,,,,
NR SA,,,,,
NR SA,,,,,
NR SA,,,,,
NR SA,,,,7.248,
NR SA,,,,10.260,
NR SA,,,,7.065,
NR SA,,,,5.793,
NR SA,,,,5.226,
NR SA,,,,7.268,
NR SA,,,,11.340,
NR SA,,,,11.351,
NR SA,,,,14.788,
NR SA,,,,16.829,
NR SA,,,,,
NR SA,,,,,
NR SA,,,,,
NR SA,,,,,
NR SA,,,,,
NR SA,,,,,
NR SA,,,,,
NR SA,,,,,
NR SA,,,,,
NR SA,,,,,
NR SA,,,,,
NR SA,,,,,
NR SA,,,,,
NR SA,,,,,
NR SA,,,,,
NR SA,,,,,
NR SA,,,,,
NR SA,,,,,
NR SA,,,,,
NR SA,,,,,
NR SA,,,,,
NR SA,,,,,
NR SA,,,,,
NR SA,,,,,
NR SA,,,,,
NR SA,,,,,
NR SA,,,,,
NR SA,,,,,
NR SA,,,,,
NR SA,,,,,
NR SA,,,,,
NR SA,,,,,
NR SA,,,,,
NR SA,,,,,
NR SA,,,,,
NR SA,,,,,
NR SA,,,,,
NR SA,,,,,
NR SA,,,,,
NR SA,,,,,
NR SA,,,,,
NR SA,,,,,
NR SA,,,,,
NR SA,,,,,
NR SA,,,,,
NR SA,,,,,
NR SA,,,,,
NR SA,,,,,
NR SA,,,,,
NR SA,,,,,
NR SA,,,,,
NR SA,,,,,
NR SA,,,,,
NR SA,,,,,
NR SA,,,,,
NR SA,,,,,
NR SA,,,,,
NR SA,,,,,
NR SA,,,,,
NR SA,,,,,
NR SA,,,,,
NR SA,,,,,
NR SA,,,,,
NR SA,,,,,
NR SA,,,,,
NR SA,,,,,
NR SA,,,,,
NR SA,,,,,
NR SA,,,,,
NR SA,,,,,
NR SA,,,,,
NR SA,,,,,
NR SA,,,,,
NR SA,,,,,
NR SA,,,,,
NR SA,,,,,
NR SA,,,,,
NR SA,,,,,
NR SA,,,,,
NR SA,,,,,
NR SA,,,,,
NR SA,,,,,
NR SA,,,,,
NR SA,,,,,
NR SA,,,,,
NR SA,,,,,
NR SA,,,,,
NR SA,,,,,
NR SA,,,,,
NR SA,,,,,
NR SA,,,,,
NR SA,,,,,
NR SA,,,,,
NR SA,,,,,
NR SA,,,,,
NR SA,,,,,
NR SA,,,,,
NR SA,,,,,
NR SA,,,,,
NR SA,,,,,
NR SA,,,,,
NR SA,,,,,
NR SA,,,,,
NR SA,,,,,
NR SA,,,,,
NR SA,,,,,
NR SA,,,,5.417,
NR SA,,,,10.207,
NR SA,,,,13.272,
NR SA,,,,8.602,
NR SA,,,,7.599,
NR SA,,,,9.866,
NR SA,,,,5.210,
NR SA,,,,9.854,
NR SA,,,,7.973,
NR SA,,,,12.366,
NR SA,,,,,
NR SA,,,,,
NR SA,,,,,
NR SA,,,,,
NR SA,,,,,
,INVITE,,,,
NR SA,,,,,
NR SA,,,,,
,,200 OK,,,
NR SA,,,,,
NR SA,,,,,
NR SA,,,,,
NR SA,,,,,
NR SA,,,,,
NR SA,,,,1.900,
NR SA,,,,3.880,
NR SA,,,,1.228,
NR SA,,,,1.904,
NR SA,,,,1.879,
NR SA,,,,1.327,
NR SA,,,,0.834,
NR SA,,,,1.689,
NR SA,,,,0.930,
NR SA,,,,1.806,
NR SA,,,,1.112,
NR SA,,,,1.165,
NR SA,,,,1.593,
NR SA,,,,0.203,
NR SA,,,,1.836,
NR SA,,,,1.840,
NR SA,,,,1.625,
NR SA,,,,1.357,
NR SA,,,,1.774,
NR SA,,,,1.229,
NR SA,,,,2.114,
NR SA,,,,4.044,
NR SA,,,,4.414,
NR SA,,,,1.988,
NR SA,,,,8.617,
,BYE,,,,
NR SA,,,,7.917,
NR SA,,,,7.866,
NR SA,,,,7.599,
NR SA,,,,7.727,
NR SA,,,,,
NR SA,,,,,
NR SA,,,,,
NR SA,,,,,
NR SA,,,,,
NR SA,,,,,
NR SA,,,,,
NR SA,,,,,
NR SA,,,,,
NR SA,,,,,
NR SA,,,,,
NR SA,,,,,
NR SA,,,,,
NR SA,,,,,
NR SA,,,,,
NR SA,,,,,
NR SA,,,,,
NR SA,,,,,
NR SA,,,,,
NR SA,,,,,
NR SA,,,,,
NR SA,,,,,
NR SA,,,,,
NR SA,,,,2.037,
NR SA,,,,1.079,
NR SA,,,,1.006,
NR SA,,,,1.015,
NR SA,,,,3.225,
NR SA,,,,3.153,
NR SA,,,,3.434,
NR SA,,,,2.148,
NR SA,,,,1.913,
NR SA,,,,2.950,
NR SA,,,,,
NR SA,,,,,
NR SA,,,,,
NR SA,,,,,
NR SA,,,,,
NR SA,,,,,
NR SA,,,,,
NR SA,,,,,
NR SA,,,,,
NR SA,,,,,
NR SA,,,,,
NR SA,,,,,
NR SA,,,,,
NR SA,,,,,
NR SA,,,,,
NR SA,,,,,
NR SA,,,,,
NR SA,,,,,
NR SA,,,,,
NR SA,,,,,
NR SA,,,,,
NR SA,,,,,
NR SA,,,,,
NR SA,,,,,
NR SA,,,,,
NR SA,,,,,
NR SA,,,,,
NR SA,,,,,
NR SA,,,,,
NR SA,,,,,
NR SA,,,,,
NR SA,,,,,
NR SA,,,,,
NR SA,,,,,
NR SA,,,,,
NR SA,,,,,
NR SA,,,,,
NR SA,,,,,
NR SA,,,,,
NR SA,,,,,
NR SA,,,,,
NR SA,,,,,
NR SA,,,,,
NR SA,,,,,
NR SA,,,,,
NR SA,,,,,
NR SA,,,,,
NR SA,,,,,
NR SA,,,,,
NR SA,,,,,
NR SA,,,,,
NR SA,,,,,
NR SA,,,,,
NR SA,,,,,
NR SA,,,,,
NR SA,,,,,
NR SA,,,,,
NR SA,,,,,
NR SA,,,,,
NR SA,,,,,
NR SA,,,,,
NR SA,,,,,
NR SA,,,,,
NR SA,,,,,
NR SA,,,,,
NR SA,,,,,
NR SA,,,,,
NR SA,,,,,
NR SA,,,,,
NR SA,,,,,
NR SA,,,,,
NR SA,,,,,
NR SA,,,,,
NR SA,,,,,
NR SA,,,,,
NR SA,,,,,
NR SA,,,,,
NR SA,,,,,
NR SA,,,,,
NR SA,,,,,
NR SA,,,,,
NR SA,,,,,
NR SA,,,,,
NR SA,,,,,
NR SA,,,,,
NR SA,,,,,
NR SA,,,,,
NR SA,,,,,
NR SA,,,,,
NR SA,,,,,
NR SA,,,,,
NR SA,,,,,
NR SA,,,,,
NR SA,,,,,
NR SA,,,,,
NR SA,,,,,
NR SA,,,,,
NR SA,,,,,
NR SA,,,,,
NR SA,,,,,
NR SA,,,,,
NR SA,,,,,
NR SA,,,,,
NR SA,,,,,
NR SA,,,,,
NR SA,,,,,
NR SA,,,,3.845,
NR SA,,,,9.780,
NR SA,,,,11.404,
NR SA,,,,12.270,
NR SA,,,,12.740,
NR SA,,,,9.630,
NR SA,,,,8.390,
NR SA,,,,7.749,
NR SA,,,,16.048,
NR SA,,,,15.674,
NR SA,,,,,
NR SA,,,,,
NR SA,,,,,
NR SA,,,,,
NR SA,,,,,
,INVITE,,,,
NR SA,,,,,
,,200 OK,,,
NR SA,,,,,
NR SA,,,,,
NR SA,,,,,
NR SA,,,,,
NR SA,,,,,
NR SA,,,,,
NR SA,,,,2.614,
NR SA,,,,1.765,
NR SA,,,,2.031,
NR SA,,,,1.815,
NR SA,,,,2.578,
NR SA,,,,3.580,
NR SA,,,,2.619,
NR SA,,,,3.003,
NR SA,,,,2.701,
NR SA,,,,0.931,
NR SA,,,,0.951,
NR SA,,,,2.052,
NR SA,,,,1.335,
NR SA,,,,5.194,
NR SA,,,,5.606,
NR SA,,,,6.477,
NR SA,,,,4.607,
NR SA,,,,5.943,
NR SA,,,,5.339,
NR SA,,,,3.327,
NR SA,,,,6.958,
NR SA,,,,7.154,
NR SA,,,,2.653,
NR SA,,,,3.431,
,BYE,,,,
NR SA,,,,2.266,
NR SA,,,,3.313,
NR SA,,,,2.990,
NR SA,,,,6.231,
NR SA,,,,8.227,
NR SA,,,,,
NR SA,,,,,
NR SA,,,,,
NR SA,,,,,
NR SA,,,,,
NR SA,,,,,
NR SA,,,,,
NR SA,,,,,
NR SA,,,,,
NR SA,,,,,
NR SA,,,,,
NR SA,,,,,
NR SA,,,,,
NR SA,,,,,
NR SA,,,,,
NR SA,,,,,
NR SA,,,,,
NR SA,,,,,
NR SA,,,,,
NR SA,,,,,
NR SA,,,,,
NR SA,,,,,
NR SA,,,,4.642,
NR SA,,,,9.758,
NR SA,,,,13.919,
NR SA,,,,14.233,
NR SA,,,,6.708,
NR SA,,,,3.826,
NR SA,,,,15.188,
NR SA,,,,12.120,
NR SA,,,,10.827,
NR SA,,,,13.823,
NR SA,,,,,
NR SA,,,,,
NR SA,,,,,
NR SA,,,,,
NR SA,,,,,
NR SA,,,,,
NR SA,,,,,
NR SA,,,,,
NR SA,,,,,
NR SA,,,,,
NR SA,,,,,
NR SA,,,,,
NR SA,,,,,
NR SA,,,,,
NR SA,,,,,
NR SA,,,,,
NR SA,,,,,
NR SA,,,,,
NR SA,,,,,
NR SA,,,,,
NR SA,,,,,
NR SA,,,,,
NR SA,,,,,
NR SA,,,,,
NR SA,,,,,
NR SA,,,,,
NR SA,,,,,
NR SA,,,,,
NR SA,,,,,
NR SA,,,,,
NR SA,,,,,
NR SA,,,,,
NR SA,,,,,
NR SA,,,,,
NR SA,,,,,
NR SA,,,,,
NR SA,,,,,
NR SA,,,,,
NR SA,,,,,
NR SA,,,,,
NR SA,,,,,
NR SA,,,,,
NR SA,,,,,
NR SA,,,,,
NR SA,,,,,
NR SA,,,,,
NR SA,,,,,
NR SA,,,,,
NR SA,,,,,
NR SA,,,,,
NR SA,,,,,
NR SA,,,,,
NR SA,,,,,
NR SA,,,,,
NR SA,,,,,
NR SA,,,,,
NR SA,,,,,
NR SA,,,,,
NR SA,,,,,
NR SA,,,,,
NR SA,,,,,
NR SA,,,,,
NR SA,,,,,
NR SA,,,,,
NR SA,,,,,
NR SA,,,,,
NR SA,,,,,
NR SA,,,,,
NR SA,,,,,
NR SA,,,,,
NR SA,,,,,
NR SA,,,,,
NR SA,,,,,
NR SA,,,,,
NR SA,,,,,
NR SA,,,,,
NR SA,,,,,
NR SA,,,,,
NR SA,,,,,
NR SA,,,,,
NR SA,,,,,
NR SA,,,,,
NR SA,,,,,
NR SA,,,,,
NR SA,,,,,
NR SA,,,,,
NR SA,,,,,
NR SA,,,,,
NR SA,,,,,
NR SA,,,,,
NR SA,,,,,
NR SA,,,,,
NR SA,,,,,
NR SA,,,,,
NR SA,,,,,
NR SA,,,,,
NR SA,,,,,
NR SA,,,,,
NR SA,,,,,
NR SA,,,,,
NR SA,,,,,
NR SA,,,,,
NR SA,,,,,
NR SA,,,,,
NR SA,,,,,
NR SA,,,,,
NR SA,,,,13.878,
NR SA,,,,30.119,
NR SA,,,,56.714,
NR SA,,,,102.797,
NR SA,,,,157.950,
NR SA,,,,211.822,
NR SA,,,,223.318,
NR SA,,,,157.840,
NR SA,,,,173.905,
NR SA,,,,134.522,
NR SA,,,,,
NR SA,,,,,
NR SA,,,,,
NR SA,,,,,
NR SA,,,,,
,INVITE,,,,
NR SA,,,,,
,,200 OK,,,
NR SA,,,,,
NR SA,,,,,
NR SA,,,,,
NR SA,,,,,
NR SA,,,,,
NR SA,,,,,
NR SA,,,,1.494,
NR SA,,,,1.699,
NR SA,,,,0.866,
NR SA,,,,1.806,
NR SA,,,,3.078,
NR SA,,,,2.512,
NR SA,,,,2.405,
NR SA,,,,1.516,
NR SA,,,,0.011,
NR SA,,,,0.128,
NR SA,,,,0.000,
NR SA,,,,0.000,
NR SA,,,,0.000,
NR SA,,,,0.000,
NR SA,,,,0.000,
NR SA,,,,0.000,
NR SA,,,,0.011,
NR SA,,,,0.000,
NR SA,,,,0.000,
NR SA,,,,0.000,
NR SA,,,,0.000,
NR SA,,,,0.000,
NR SA,,,,0.160,
NR SA,,,,2.790,
NR SA,,,,2.696,
,BYE,,,,
NR SA,,,,2.640,
NR SA,,,,2.319,
NR SA,,,,3.321,
NR SA,,,,2.471,
NR SA,,,,,
NR SA,,,,,
NR SA,,,,,
NR SA,,,,,
NR SA,,,,,
NR SA,,,,,
NR SA,,,,,
NR SA,,,,,
NR SA,,,,,
NR SA,,,,,
NR SA,,,,,
NR SA,,,,,
NR SA,,,,,
NR SA,,,,,
NR SA,,,,,
NR SA,,,,,
NR SA,,,,,
NR SA,,,,,
NR SA,,,,,
NR SA,,,,,
NR SA,,,,,
NR SA,,,,,
NR SA,,,,4.583,
NR SA,,,,3.833,
NR SA,,,,3.841,
NR SA,,,,0.545,
NR SA,,,,1.828,
NR SA,,,,1.731,
NR SA,,,,3.498,
NR SA,,,,3.502,
NR SA,,,,3.976,
NR SA,,,,3.275,
NR SA,,,,,
NR SA,,,,,
NR SA,,,,,
NR SA,,,,,
